model,tailup,taildown,euclid,AIC,AICc,pseudo_r2,tailup_de,tailup_range,taildown_de,taildown_range,euclid_de,euclid_range,nugget,tailup_prop,taildown_prop,euclid_prop,nugget_prop,total_spatial_de,rank_aic,rank_pseudo_r2,rank_total_spatial_de,range_flag
epa_none_jbessel,epa,none,jbessel,-150.02070018423976,-149.11160927514885,0.5967622023704022,0.0030915910942352397,61230.215908746446,NA,NA,0.0018479440596312078,63058.60481912127,2.014126393795543e-4,0.24249349227947753,0,0.1449462088931058,0.01579809645701444,0.0049395351538664475,1,3,31,FALSE
epa_mariah_none,epa,mariah,none,-150.01226306020445,-149.10317215111354,0.5963913967028582,0.0031482172585702204,62131.27265314798,0.0018708677785650714,0.08323985069894496,NA,NA,2.1143383778145832e-4,0.24292954504015765,0.14436394344763606,0,0.016315114809348063,0.005019085037135292,2,5,28,FALSE
linear_mariah_none,linear,mariah,none,-149.81074765740053,-148.90165674830962,0.596392453372023,0.0030874787556445273,53307.691799848755,0.0018595458627182675,39.224186595952496,NA,NA,2.1283392478903035e-4,0.24150462951848806,0.14545490679972722,0,0.016648010309761773,0.0049470246183627945,3,4,30,FALSE
linear_none_jbessel,linear,none,jbessel,-149.73746320607032,-148.8283722969794,0.5893170003390473,0.003135142350665913,58040.658724817586,NA,NA,0.001779374744719024,47883.51589452027,2.0557322760670615e-4,0.25147010769592415,0,0.14272384110114134,0.016489050863887203,0.004914517095384937,4,10,33,FALSE
epa_none_none,epa,none,none,-148.27381407708478,-147.9208729006142,0.59637486451999,0.0031758423546920755,58665.39729801469,NA,NA,NA,NA,0.0017819925098768888,0.25855032200375383,0,0,0.14507481347625617,0.0031758423546920755,5,6,47,FALSE
linear_none_none,linear,none,none,-148.08642039754616,-147.73347922107558,0.6000866605365399,0.0030942352762017107,50221.28084128694,NA,NA,NA,NA,0.0018315367956650045,0.25121462063966793,0,0,0.14869871882379218,0.0030942352762017107,6,2,48,FALSE
mariah_none_jbessel,mariah,none,jbessel,-146.88919704004812,-145.9801061309572,0.5924413046141115,0.0036720072563215383,566439.2491860085,NA,NA,0.001697149665696071,0.24974200936755167,2.2494779243602145e-4,0.26752421758699396,0,0.12364589848283591,0.016388579316058575,0.00536915692201761,7,8,21,FALSE
linear_mariah_gaussian,linear,mariah,gaussian,-146.04700294207376,-144.29700294207376,0.33637589329168094,0.0026328565966225797,46049.074028013485,0.0018866287070943438,376.9514590687436,0.009670899288782408,58002.87493833741,1.9140834148283423e-4,0.121488823754117,0.08705536897819081,0.4462476918590505,0.008832222116960727,0.014190384592499331,8,47,1,FALSE
epa_mariah_jbessel,epa,mariah,jbessel,-146.0072792896623,-144.2572792896623,0.5887928073414674,0.003127307664890969,62654.48406713655,8.591908705893711e-5,10359752.22636028,0.001854302230248916,85831.66244680094,2.0141516542612764e-4,0.24406624352603848,0.0067054319794251985,0.14471635930793103,0.01571915784513785,0.005067528982198822,9,11,27,TRUE
epa_exponential_jbessel,epa,exponential,jbessel,-145.99813889638207,-144.24813889638207,0.5838730853154903,0.003038171575112209,61668.226926864656,3.014009822896186e-4,576831.0475215864,0.0018269657979826143,223763.563948977,2.0087797741175268e-4,0.23554441940876844,0.023367119870449947,0.1416416379149353,0.015573737490356013,0.0051665383553844415,10,12,25,FALSE
epa_linear_jbessel,epa,linear,jbessel,-145.98840272790747,-144.23840272790747,0.5785184087500463,0.003179331494945731,64840.8294768455,2.0332426112416746e-4,467726.4478680208,0.0018000012221951697,149430.2886521501,2.0072262457444592e-4,0.24891978579664148,0.015918891001692186,0.14092771369541082,0.015715200756209163,0.005182656978265069,11,13,24,FALSE
epa_mariah_gaussian,epa,mariah,gaussian,-145.98596488680008,-144.23596488680008,0.5440001447658296,0.0030666884346931098,60457.11958259579,0.0018577215204784317,117.74622054355402,5.019378412546126e-4,92598.22169718683,2.0428575098128265e-4,0.24835739539687232,0.1504485662707734,0.04064970327433975,0.016544190292184888,0.005426347796426154,12,26,20,FALSE
linear_mariah_jbessel,linear,mariah,jbessel,-145.823237915107,-144.073237915107,0.5944373306422849,0.0031204073854841554,53141.40483502656,1.8052092519386788e-6,561122.6911566303,0.0018153317362879253,782552.0372239812,2.0792826069342165e-4,0.24594839952652067,1.4228537222100488e-4,0.143083219590714,0.016388764868259503,0.004937544331024019,13,7,32,FALSE
linear_exponential_jbessel,linear,exponential,jbessel,-145.79283402886986,-144.04283402886986,0.576992153080047,0.003112742979808875,53198.52203601915,6.396657818502689e-4,873123.4993573928,0.0018082672250750488,1079014.8649923573,2.1676598191172844e-4,0.22790617595986928,0.046834506793370374,0.13239617631575953,0.015870987850953748,0.005560675986734193,14,14,19,TRUE
linear_linear_jbessel,linear,linear,jbessel,-145.75111106488495,-144.00111106488495,0.5672847431886994,0.0031397021868952704,52755.40644589033,6.426494539507442e-4,585750.8259796654,0.0018476787926387274,54224.832258376075,2.1125746677745888e-4,0.23258518691612598,0.047606662820618005,0.1368737197879893,0.015649687286567328,0.005630030433484742,15,16,18,FALSE
mariah_none_none,mariah,none,none,-145.3390212168836,-144.98608004041301,0.573883686273972,0.003334635083734001,1537651.100362483,NA,NA,NA,NA,0.0019283898397889844,0.26998587887192843,0,0,0.15613043485409955,0.003334635083734001,16,15,45,TRUE
epa_none_gaussian,epa,none,gaussian,-145.08068546516475,-144.17159455607384,0.3517879795922796,0.002954223643412035,56737.99250456523,NA,NA,0.005411274271042955,43243.96158920072,0.0017430937935495213,0.18943917530233262,0,0.34699720094892406,0.11177564415646382,0.00836549791445499,17,39,12,FALSE
mariah_mariah_none,mariah,mariah,none,-144.88375116066643,-143.97466025157553,0.6364777682540778,0.0020224424369590125,588839.6796520035,0.0023931602022316855,669.925635080584,NA,NA,2.2317749070780408e-4,0.15849054442618912,0.18754217990060676,0,0.017489507419126353,0.004415602639190698,18,1,34,FALSE
epa_none_cubic,epa,none,cubic,-144.80229389728837,-143.89320298819746,0.3981990241804779,0.0028905057026784144,61023.884566590175,NA,NA,0.0020810731540178962,77965.7922491903,0.001808196752867441,0.2565732632846964,0,0.18472467629653108,0.16050303623829468,0.00497157885669631,19,31,29,FALSE
linear_none_gaussian,linear,none,gaussian,-144.50935233896118,-143.60026142987027,0.4319592837543169,0.003051241231984146,55443.93123336761,NA,NA,0.0012350082654311663,31242.699788966987,0.001882040964723667,0.2809902136569623,0,0.1137324813043235,0.17331802128439724,0.004286249497415313,20,30,35,FALSE
epa_exponential_none,epa,exponential,none,-144.31721900676726,-143.40812809767635,0.5914425736440918,0.0031873172692938926,62061.885568291116,4.983117395179281e-5,173573.87531367986,NA,NA,0.0018624615677946734,0.25535327950632736,0.003992245708585993,0,0.14921190114099483,0.0032371484432456854,21,9,46,FALSE
linear_none_cubic,linear,none,cubic,-144.2969564961359,-143.38786558704498,0.5187903195700979,0.003128723724454155,52883.5162354148,NA,NA,3.500567299357906e-4,88704.72942402017,0.001866786574611038,0.2816487260247504,0,0.031512220542900864,0.16804873386225083,0.0034787804543899457,22,29,43,FALSE
epa_linear_none,epa,linear,none,-144.286515901677,-143.3774249925861,0.5331441915466932,0.0032713129179612645,64399.51819410936,2.8674364672323036e-4,75440.78026984472,NA,NA,0.0018661694224319772,0.281557486846235,0.02467963859318987,0,0.1606186830138819,0.003558056564684495,23,27,39,FALSE
linear_linear_none,linear,linear,none,-144.13434395051482,-143.2252530414239,0.5480753277780466,0.003181619407425404,53210.40392149307,2.1657968194611796e-4,74440.8701895202,NA,NA,0.001877523270359593,0.27254131468529624,0.01855247397408964,0,0.16083088356256758,0.0033981990893715217,24,24,44,FALSE
linear_exponential_none,linear,exponential,none,-144.10111910723415,-143.19202819814325,0.563683430023803,0.0031972573504801855,52692.66922791624,3.385325957256088e-4,191853.1065830054,NA,NA,0.0018543815118535342,0.25880741852968037,0.027403095085460724,0,0.15010605636105592,0.0035357899462057944,25,21,41,FALSE
mariah_mariah_jbessel,mariah,mariah,jbessel,-143.12293227211947,-141.37293227211947,0.5637461805160902,0.003345269134642431,1935293.1032771354,7.663623920929904e-6,43.77963797873426,0.0018821400799095573,186171.25451096744,2.06303272419619e-4,0.26820172093379047,6.144190621011008e-4,0.15089763727609962,0.016540042211918658,0.005235072838472918,26,20,22,TRUE
mariah_exponential_jbessel,mariah,exponential,jbessel,-143.11847266965165,-141.36847266965165,0.5643994206617158,0.0032991164702569965,2013473.1991775276,2.913266657153166e-7,954561.0525622702,0.001899450080160831,60057.80298023403,2.0722821534446814e-4,0.26582947832837533,2.347392590362682e-5,0.153050014593941,0.016697612490064333,0.005198857877083543,27,18,23,TRUE
mariah_linear_jbessel,mariah,linear,jbessel,-143.1150446030662,-141.3650446030662,0.5662748000962758,0.003298741051626846,1830347.4401834705,1.2121800636826027e-6,581552.8367627902,0.0018634535298707297,5365.7804075262075,2.1563168757343572e-4,0.2659856655751613,9.774108242796106e-5,0.15025487592201522,0.017386917324119667,0.005163406761561258,28,17,26,TRUE
mariah_none_gaussian,mariah,none,gaussian,-142.55217991555728,-141.64308900646637,0.3322865136474922,0.0035661559915320714,2350981.2659588563,NA,NA,0.005513377932884333,37382.14510684462,0.0018908457498302536,0.21705451595013095,0,0.33557241503567026,0.11508655536670656,0.009079533924416405,29,48,4,TRUE
mariah_none_cubic,mariah,none,cubic,-141.3947243538552,-140.4856334447643,0.5625652383193522,0.0035323316630645938,1771489.787646863,NA,NA,4.525822488302784e-6,51097.973408276994,0.0018828748790985464,0.2850998084863994,0,3.652859492642065e-4,0.1519696672449842,0.0035368574855528965,30,22,40,TRUE
mariah_linear_none,mariah,linear,none,-141.39236987664142,-140.48327896755052,0.5640228841695556,0.0035273904185415114,1714801.3259621558,3.5474315740001483e-6,60879.408997680366,NA,NA,0.0018867419057412315,0.2838598016837703,2.8547257422635564e-4,0,0.15183184157244772,0.0035309378501155115,31,19,42,TRUE
mariah_exponential_none,mariah,exponential,none,-141.38548575857047,-140.47639484947956,0.5601097578973092,0.0036440051509209013,1886532.0325704627,1.579287627033042e-6,50553.87922514366,NA,NA,0.0018977983307898545,0.2891668092862974,1.253229743484481e-4,0,0.15059810984204494,0.0036455844385479344,32,23,38,TRUE
epa_linear_gaussian,epa,linear,gaussian,-141.03155055686986,-139.28155055686986,0.3479234515754501,0.0029266019369869802,60266.78070865908,8.329644531607706e-5,67021.71832084858,0.005772111045379688,42889.29359623727,0.0017699484333985856,0.18085444566848452,0.005147448395152679,0.35669761926140775,0.10937703509950485,0.008782009427682745,33,40,8,FALSE
epa_exponential_gaussian,epa,exponential,gaussian,-141.01359532512774,-139.26359532512774,0.35183467827859094,0.0028831887787279143,59131.91132683838,9.469575745593012e-5,61623.295019979065,0.005864535433376329,42433.68242521125,0.0018410351538740754,0.17492309002623538,0.005745192485756896,0.35580141929767944,0.11169561991173724,0.008842419969560174,34,38,7,FALSE
epa_mariah_cubic,epa,mariah,cubic,-140.9330891801944,-139.1830891801944,0.3534243938292887,0.002826132373215633,56661.16767729917,1.4081588618011775e-5,1146340.765387843,0.006129621935180605,113076.2481585377,0.0018302913159799694,0.16919321562546366,8.430281900367858e-4,0.3669645681180746,0.10957479423713627,0.00896983589701425,35,37,6,TRUE
epa_exponential_cubic,epa,exponential,cubic,-140.91416416757036,-139.16416416757036,0.3548834374003764,0.0030091086093052754,56685.549115281174,1.2035153961200029e-4,342335.28465937503,0.005417978072506617,105875.95191219632,0.0018425347904618226,0.1868364624531043,0.007472663446695012,0.3364038950223645,0.11440354167745967,0.008547438221423892,36,35,10,FALSE
epa_linear_cubic,epa,linear,cubic,-140.80842791700232,-139.05842791700232,0.3654406824249473,0.0029413681797878176,65331.59574330702,1.466517576659087e-4,120921.44969594151,0.003981260430498868,104808.11384971789,0.0019081844018734855,0.20790642266583814,0.010365870727606748,0.28140972609072845,0.13487729809087928,0.0070692803679525944,37,33,16,FALSE
linear_linear_gaussian,linear,linear,gaussian,-140.77856906986833,-139.02856906986833,0.3447872610697832,0.002959226121694494,52893.728133539305,5.6595684188004364e-5,68706.95619061463,0.006022064160047424,45172.88428862452,0.0017924574925404385,0.1790268849500678,0.003423918492580222,0.36432207043556214,0.1084398650520067,0.009037885965929922,38,41,5,FALSE
linear_exponential_gaussian,linear,exponential,gaussian,-140.75394365022984,-139.00394365022984,0.34408823897787244,0.0029103646502423165,45852.144457557355,1.1007476916222277e-4,70717.70321633984,0.00791430497242925,48411.72304044989,0.0018024094582884548,0.14987197496547985,0.005668404145452384,0.40755460543349165,0.09281677647770369,0.010934744391833789,39,42,2,FALSE
linear_mariah_cubic,linear,mariah,cubic,-140.67431064523177,-138.92431064523177,0.3562838910401489,0.0028736651817349614,45675.61194523432,3.030987738390863e-6,20631106.87429097,0.006511990681006963,120260.88068620002,0.0018864452846586715,0.1640623406509666,1.7304414794230122e-4,0.37178041485621494,0.10770030930472725,0.009388686850480315,40,34,3,TRUE
linear_linear_cubic,linear,linear,cubic,-140.6141025231445,-138.8641025231445,0.35486989254573886,0.002937516323496759,53184.67649998569,3.6212026191501437e-4,361347.6736906251,0.004637611993559609,104236.35060748292,0.0018167637114132786,0.1942872496986956,0.023950624268834663,0.3067315310526735,0.12016070243405749,0.007937248578971382,41,36,14,FALSE
linear_exponential_cubic,linear,exponential,cubic,-140.35973193824813,-138.60973193824813,0.375017541398006,0.0028460398820937065,53349.726870823535,6.549529745933423e-4,128749.30309888048,0.0029554871850169316,88716.73562449416,0.0018528688737164077,0.2140631018020338,0.04926187653167376,0.22229511193478604,0.13936236833350038,0.00645648004170398,42,32,17,FALSE
mariah_mariah_gaussian,mariah,mariah,gaussian,-138.8105164013181,-137.0605164013181,0.3391475671520169,0.002997656422489015,2519973.9336242354,1.2550827013967563e-9,234202.35505045604,0.005427471918382275,33730.12798836265,0.00186916946472329,0.19243743823330434,8.057124159251846e-8,0.34842178183631056,0.11999313220712662,0.008425129595953991,43,44,11,TRUE
mariah_linear_gaussian,mariah,linear,gaussian,-138.8026831295185,-137.0526831295185,0.3373617909640926,0.003093485312712871,2380783.567529854,9.302284685560384e-9,285513.9244280206,0.005487697875469068,34243.67013831969,0.0018552514491564072,0.19641379565240907,5.906273534972421e-7,0.3484288626440247,0.1177949601121202,0.008581192490466624,44,45,9,TRUE
mariah_exponential_gaussian,mariah,exponential,gaussian,-138.729781301953,-136.979781301953,0.33644440865465075,0.003139810634265548,3738179.120174276,5.928618434785205e-10,397646.8431657773,0.005074265826042049,32668.49748331221,0.001899178322381649,0.20601070820076683,3.889912560564078e-8,0.3329350773622042,0.1246097668832527,0.00821407705316944,45,46,13,TRUE
mariah_mariah_cubic,mariah,mariah,cubic,-138.5697394877471,-136.8197394877471,0.3438924344627451,0.0029449812958411313,2443187.387247122,2.4016444948729983e-9,50407.334264772544,0.004990600092697607,79920.0135663723,0.0018987358632873814,0.19647770020218702,1.6022838166145865e-7,0.33295343173376235,0.12667627337292392,0.007935583790183233,46,43,15,TRUE
mariah_exponential_cubic,mariah,exponential,cubic,-137.4183183554172,-135.6683183554172,0.5245520227215792,0.0034952882653539077,1893272.1299720167,4.0949863863156956e-4,173197.4162580574,1.6310632057373894e-8,156814.91270170332,0.0018778138562333907,0.2873833275498171,0.03366906316814039,1.3410635573470267e-6,0.15439424549690595,0.0039048032146175348,47,28,36,TRUE
mariah_linear_cubic,mariah,linear,cubic,-137.41769630328187,-135.66769630328187,0.5475566307648627,0.003659030836374641,1781443.296155953,4.034111362048754e-5,67655.4937761125,1.6743500782304366e-5,35454.571424284106,0.0018886594266204625,0.2953739045649589,0.0032565214061951193,0.001351612878741346,0.15246133038524198,0.003716115450777433,48,25,37,TRUE
